CBS code,Naam,Name,Value
1680,Aa en Hunze,blanco stemmen,16
738,Aalburg,blanco stemmen,7
358,Aalsmeer,blanco stemmen,25
197,Aalten,blanco stemmen,17
59,Achtkarspelen,blanco stemmen,22
482,Alblasserdam,blanco stemmen,10
613,Albrandswaard,blanco stemmen,20
361,Alkmaar,blanco stemmen,142
141,Almelo,blanco stemmen,70
34,Almere,blanco stemmen,199
484,Alphen aan den Rijn,blanco stemmen,94
1723,Alphen-Chaam,blanco stemmen,7
60,Ameland,blanco stemmen,3
307,Amersfoort,blanco stemmen,171
362,Amstelveen,blanco stemmen,80
363,Amsterdam,blanco stemmen,999
200,Apeldoorn,blanco stemmen,124
3,Appingedam,blanco stemmen,14
202,Arnhem,blanco stemmen,154
106,Assen,blanco stemmen,54
743,Asten,blanco stemmen,12
744,Baarle-Nassau,blanco stemmen,3
308,Baarn,blanco stemmen,24
489,Barendrecht,blanco stemmen,49
203,Barneveld,blanco stemmen,25
5,Bedum,blanco stemmen,9
888,Beek,blanco stemmen,21
370,Beemster,blanco stemmen,11
889,Beesel,blanco stemmen,13
7,Bellingwedde,blanco stemmen,12
491,Bergambacht,blanco stemmen,1
1724,Bergeijk,blanco stemmen,10
893,Bergen (L.),blanco stemmen,12
373,Bergen (NH),blanco stemmen,23
748,Bergen op Zoom,blanco stemmen,42
1859,Berkelland,blanco stemmen,30
1721,Bernheze,blanco stemmen,23
568,Bernisse,blanco stemmen,12
753,Best,blanco stemmen,31
209,Beuningen,blanco stemmen,16
375,Beverwijk,blanco stemmen,34
585,Binnenmaas,blanco stemmen,18
1728,Bladel,blanco stemmen,22
376,Blaricum,blanco stemmen,13
377,Bloemendaal,blanco stemmen,14
55,Boarnsterhim,blanco stemmen,19
1901,Bodegraven-Reeuwijk,blanco stemmen,30
755,Boekel,blanco stemmen,9
9001,Bonaire,blanco stemmen,358
1681,Borger-Odoorn,blanco stemmen,15
147,Borne,blanco stemmen,12
654,Borsele,blanco stemmen,19
499,Boskoop,blanco stemmen,14
756,Boxmeer,blanco stemmen,28
757,Boxtel,blanco stemmen,24
758,Breda,blanco stemmen,196
501,Brielle,blanco stemmen,29
1876,Bronckhorst,blanco stemmen,26
213,Brummen,blanco stemmen,11
899,Brunssum,blanco stemmen,49
312,Bunnik,blanco stemmen,11
313,Bunschoten,blanco stemmen,15
214,Buren,blanco stemmen,18
381,Bussum,blanco stemmen,18
502,Capelle aan den IJssel,blanco stemmen,55
383,Castricum,blanco stemmen,18
109,Coevorden,blanco stemmen,34
1706,Cranendonck,blanco stemmen,23
611,Cromstrijen,blanco stemmen,7
1684,Cuijk,blanco stemmen,33
216,Culemborg,blanco stemmen,19
148,Dalfsen,blanco stemmen,22
1891,Dantumadiel,blanco stemmen,9
310,De Bilt,blanco stemmen,51
1663,De Marne,blanco stemmen,5
736,De Ronde Venen,blanco stemmen,23
1690,De Wolden,blanco stemmen,12
503,Delft,blanco stemmen,163
10,Delfzijl,blanco stemmen,38
400,Den Helder,blanco stemmen,49
762,Deurne,blanco stemmen,46
150,Deventer,blanco stemmen,77
384,Diemen,blanco stemmen,25
1774,Dinkelland,blanco stemmen,19
504,Dirksland,blanco stemmen,5
221,Doesburg,blanco stemmen,7
222,Doetinchem,blanco stemmen,36
766,Dongen,blanco stemmen,26
58,Dongeradeel,blanco stemmen,17
505,Dordrecht,blanco stemmen,110
498,Drechterland,blanco stemmen,10
1719,Drimmelen,blanco stemmen,23
303,Dronten,blanco stemmen,24
225,Druten,blanco stemmen,12
226,Duiven,blanco stemmen,14
1711,Echt-Susteren,blanco stemmen,64
385,Edam-Volendam,blanco stemmen,33
228,Ede,blanco stemmen,62
317,Eemnes,blanco stemmen,10
1651,Eemsmond,blanco stemmen,12
770,Eersel,blanco stemmen,22
1903,Eijsden-Margraten,blanco stemmen,41
772,Eindhoven,blanco stemmen,282
230,Elburg,blanco stemmen,14
114,Emmen,blanco stemmen,59
388,Enkhuizen,blanco stemmen,15
153,Enschede,blanco stemmen,188
232,Epe,blanco stemmen,23
233,Ermelo,blanco stemmen,22
777,Etten-Leur,blanco stemmen,32
1722,Ferwerderadiel,blanco stemmen,6
70,Franekeradeel,blanco stemmen,13
653,Gaasterlân-Sleat,blanco stemmen,15
779,Geertruidenberg,blanco stemmen,24
236,Geldermalsen,blanco stemmen,14
1771,Geldrop-Mierlo,blanco stemmen,47
1652,Gemert-Bakel,blanco stemmen,39
907,Gennep,blanco stemmen,21
689,Giessenlanden,blanco stemmen,4
784,Gilze en Rijen,blanco stemmen,16
511,Goedereede,blanco stemmen,7
664,Goes,blanco stemmen,42
785,Goirle,blanco stemmen,20
512,Gorinchem,blanco stemmen,37
513,Gouda,blanco stemmen,91
693,Graafstroom,blanco stemmen,5
365,Graft-De Rijp,blanco stemmen,4
786,Grave,blanco stemmen,9
241,Groesbeek,blanco stemmen,19
14,Groningen,blanco stemmen,282
15,Grootegast,blanco stemmen,15
1729,Gulpen-Wittem,blanco stemmen,21
158,Haaksbergen,blanco stemmen,23
788,Haaren,blanco stemmen,19
392,Haarlem,blanco stemmen,185
393,Haarlemmerliede en Spaarnwoude,blanco stemmen,2
394,Haarlemmermeer,blanco stemmen,134
1655,Halderberge,blanco stemmen,21
160,Hardenberg,blanco stemmen,46
243,Harderwijk,blanco stemmen,31
523,Hardinxveld-Giessendam,blanco stemmen,12
17,Haren,blanco stemmen,10
395,Harenkarspel,blanco stemmen,21
72,Harlingen,blanco stemmen,10
244,Hattem,blanco stemmen,7
396,Heemskerk,blanco stemmen,38
397,Heemstede,blanco stemmen,18
246,Heerde,blanco stemmen,13
74,Heerenveen,blanco stemmen,37
398,Heerhugowaard,blanco stemmen,35
917,Heerlen,blanco stemmen,141
1658,Heeze-Leende,blanco stemmen,15
399,Heiloo,blanco stemmen,12
163,Hellendoorn,blanco stemmen,30
530,Hellevoetsluis,blanco stemmen,41
794,Helmond,blanco stemmen,108
531,Hendrik-Ido-Ambacht,blanco stemmen,16
164,Hengelo,blanco stemmen,90
63,Het Bildt,blanco stemmen,10
252,Heumen,blanco stemmen,21
797,Heusden,blanco stemmen,37
534,Hillegom,blanco stemmen,11
798,Hilvarenbeek,blanco stemmen,14
402,Hilversum,blanco stemmen,81
1735,Hof van Twente,blanco stemmen,33
1911,Hollands Kroon,blanco stemmen,44
118,Hoogeveen,blanco stemmen,65
18,Hoogezand-Sappemeer,blanco stemmen,24
405,Hoorn,blanco stemmen,72
1507,Horst aan de Maas,blanco stemmen,70
321,Houten,blanco stemmen,34
406,Huizen,blanco stemmen,24
677,Hulst,blanco stemmen,14
353,IJsselstein,blanco stemmen,26
1884,Kaag en Braassem,blanco stemmen,27
166,Kampen,blanco stemmen,38
678,Kapelle,blanco stemmen,7
537,Katwijk,blanco stemmen,44
928,Kerkrade,blanco stemmen,68
1598,Koggenland,blanco stemmen,28
79,Kollumerland en Nieuwkruisland,blanco stemmen,16
588,Korendijk,blanco stemmen,3
542,Krimpen aan den IJssel,blanco stemmen,16
1659,Laarbeek,blanco stemmen,12
1685,Landerd,blanco stemmen,10
882,Landgraaf,blanco stemmen,58
415,Landsmeer,blanco stemmen,13
416,Langedijk,blanco stemmen,16
1621,Lansingerland,blanco stemmen,48
417,Laren,blanco stemmen,4
22,Leek,blanco stemmen,21
545,Leerdam,blanco stemmen,13
80,Leeuwarden,blanco stemmen,96
81,Leeuwarderadeel,blanco stemmen,4
546,Leiden,blanco stemmen,174
547,Leiderdorp,blanco stemmen,30
1916,Leidschendam-Voorburg,blanco stemmen,62
995,Lelystad,blanco stemmen,62
82,Lemsterland,blanco stemmen,12
1640,Leudal,blanco stemmen,55
327,Leusden,blanco stemmen,29
694,Liesveld,blanco stemmen,8
733,Lingewaal,blanco stemmen,6
1705,Lingewaard,blanco stemmen,37
553,Lisse,blanco stemmen,16
140,Littenseradiel,blanco stemmen,7
262,Lochem,blanco stemmen,28
809,Loon op Zand,blanco stemmen,14
331,Lopik,blanco stemmen,10
24,Loppersum,blanco stemmen,10
168,Losser,blanco stemmen,28
1671,Maasdonk,blanco stemmen,9
263,Maasdriel,blanco stemmen,18
1641,Maasgouw,blanco stemmen,40
556,Maassluis,blanco stemmen,38
935,Maastricht,blanco stemmen,150
25,Marum,blanco stemmen,1
420,Medemblik,blanco stemmen,29
938,Meerssen,blanco stemmen,25
1908,Menameradiel,blanco stemmen,10
1987,Menterwolde,blanco stemmen,6
119,Meppel,blanco stemmen,24
687,Middelburg,blanco stemmen,43
559,Middelharnis,blanco stemmen,19
1842,Midden-Delfland,blanco stemmen,17
1731,Midden-Drenthe,blanco stemmen,13
815,Mill en Sint Hubert,blanco stemmen,9
265,Millingen aan de Rijn,blanco stemmen,5
1709,Moerdijk,blanco stemmen,18
1955,Montferland,blanco stemmen,22
335,Montfoort,blanco stemmen,11
944,Mook en Middelaar,blanco stemmen,12
424,Muiden,blanco stemmen,6
425,Naarden,blanco stemmen,13
1740,Neder-Betuwe,blanco stemmen,6
643,Nederlek,blanco stemmen,5
946,Nederweert,blanco stemmen,29
304,Neerijnen,blanco stemmen,3
356,Nieuwegein,blanco stemmen,58
569,Nieuwkoop,blanco stemmen,23
571,Nieuw-Lekkerland,blanco stemmen,4
267,Nijkerk,blanco stemmen,26
268,Nijmegen,blanco stemmen,201
1695,Noord-Beveland,blanco stemmen,10
1699,Noordenveld,blanco stemmen,24
171,Noordoostpolder,blanco stemmen,35
575,Noordwijk,blanco stemmen,40
576,Noordwijkerhout,blanco stemmen,24
820,Nuenen Gerwen en Nederwetten,blanco stemmen,22
302,Nunspeet,blanco stemmen,11
951,Nuth,blanco stemmen,24
579,Oegstgeest,blanco stemmen,20
823,Oirschot,blanco stemmen,19
824,Oisterwijk,blanco stemmen,20
1895,Oldambt,blanco stemmen,27
269,Oldebroek,blanco stemmen,10
173,Oldenzaal,blanco stemmen,40
1773,Olst-Wijhe,blanco stemmen,10
175,Ommen,blanco stemmen,14
881,Onderbanken,blanco stemmen,14
1586,Oost Gelre,blanco stemmen,17
826,Oosterhout,blanco stemmen,43
580,Oostflakkee,blanco stemmen,1
85,Ooststellingwerf,blanco stemmen,19
431,Oostzaan,blanco stemmen,3
432,Opmeer,blanco stemmen,14
86,Opsterland,blanco stemmen,12
828,Oss,blanco stemmen,108
584,Oud-Beijerland,blanco stemmen,19
1509,Oude IJsselstreek,blanco stemmen,33
437,Ouder-Amstel,blanco stemmen,18
644,Ouderkerk,blanco stemmen,7
589,Oudewater,blanco stemmen,8
1734,Overbetuwe,blanco stemmen,15
590,Papendrecht,blanco stemmen,37
1894,Peel en Maas,blanco stemmen,70
765,Pekela,blanco stemmen,17
1926,Pijnacker-Nootdorp,blanco stemmen,34
439,Purmerend,blanco stemmen,86
273,Putten,blanco stemmen,12
177,Raalte,blanco stemmen,41
703,Reimerswaal,blanco stemmen,17
274,Renkum,blanco stemmen,12
339,Renswoude,blanco stemmen,1
1667,Reusel-De Mierden,blanco stemmen,14
275,Rheden,blanco stemmen,29
340,Rhenen,blanco stemmen,9
597,Ridderkerk,blanco stemmen,31
196,Rijnwaarden,blanco stemmen,15
1672,Rijnwoude,blanco stemmen,20
1742,Rijssen-Holten,blanco stemmen,20
603,Rijswijk,blanco stemmen,79
1669,Roerdalen,blanco stemmen,33
957,Roermond,blanco stemmen,72
1674,Roosendaal,blanco stemmen,59
599,Rotterdam,blanco stemmen,745
277,Rozendaal,blanco stemmen,1
840,Rucphen,blanco stemmen,11
9003,Saba,blanco stemmen,2
441,Schagen,blanco stemmen,16
458,Schermer,blanco stemmen,4
279,Scherpenzeel,blanco stemmen,1
606,Schiedam,blanco stemmen,85
88,Schiermonnikoog,blanco stemmen,0
844,Schijndel,blanco stemmen,13
962,Schinnen,blanco stemmen,20
608,Schoonhoven,blanco stemmen,15
1676,Schouwen-Duiveland,blanco stemmen,39
518,'s-Gravenhage,blanco stemmen,645
796,'s-Hertogenbosch,blanco stemmen,146
965,Simpelveld,blanco stemmen,15
1702,Sint Anthonis,blanco stemmen,16
9002,Sint Eustatius,blanco stemmen,9
845,Sint-Michielsgestel,blanco stemmen,27
846,Sint-Oedenrode,blanco stemmen,22
1883,Sittard-Geleen,blanco stemmen,170
51,Skarsterlân,blanco stemmen,21
610,Sliedrecht,blanco stemmen,9
40,Slochteren,blanco stemmen,14
1714,Sluis,blanco stemmen,18
90,Smallingerland,blanco stemmen,59
342,Soest,blanco stemmen,32
847,Someren,blanco stemmen,22
848,Son en Breugel,blanco stemmen,23
612,Spijkenisse,blanco stemmen,88
37,Stadskanaal,blanco stemmen,19
180,Staphorst,blanco stemmen,6
532,Stede Broec,blanco stemmen,17
851,Steenbergen,blanco stemmen,25
1708,Steenwijkerland,blanco stemmen,33
971,Stein,blanco stemmen,33
1904,Stichtse Vecht,blanco stemmen,42
617,Strijen,blanco stemmen,5
1900,Súdwest-Fryslân,blanco stemmen,49
9,Ten Boer,blanco stemmen,3
715,Terneuzen,blanco stemmen,53
93,Terschelling,blanco stemmen,7
448,Texel,blanco stemmen,8
1525,Teylingen,blanco stemmen,33
716,Tholen,blanco stemmen,11
281,Tiel,blanco stemmen,30
855,Tilburg,blanco stemmen,219
183,Tubbergen,blanco stemmen,15
1700,Twenterand,blanco stemmen,19
1730,Tynaarlo,blanco stemmen,25
737,Tytsjerksteradiel,blanco stemmen,33
282,Ubbergen,blanco stemmen,4
856,Uden,blanco stemmen,43
450,Uitgeest,blanco stemmen,7
451,Uithoorn,blanco stemmen,19
184,Urk,blanco stemmen,9
344,Utrecht,blanco stemmen,448
1581,Utrechtse Heuvelrug,blanco stemmen,33
981,Vaals,blanco stemmen,8
994,Valkenburg aan de Geul,blanco stemmen,15
858,Valkenswaard,blanco stemmen,29
47,Veendam,blanco stemmen,20
345,Veenendaal,blanco stemmen,66
717,Veere,blanco stemmen,13
860,Veghel,blanco stemmen,28
861,Veldhoven,blanco stemmen,44
453,Velsen,blanco stemmen,60
983,Venlo,blanco stemmen,155
984,Venray,blanco stemmen,41
620,Vianen,blanco stemmen,24
622,Vlaardingen,blanco stemmen,67
48,Vlagtwedde,blanco stemmen,18
96,Vlieland,blanco stemmen,6
718,Vlissingen,blanco stemmen,32
623,Vlist,blanco stemmen,4
986,Voerendaal,blanco stemmen,14
626,Voorschoten,blanco stemmen,23
285,Voorst,blanco stemmen,15
865,Vught,blanco stemmen,19
866,Waalre,blanco stemmen,21
867,Waalwijk,blanco stemmen,47
627,Waddinxveen,blanco stemmen,19
289,Wageningen,blanco stemmen,44
629,Wassenaar,blanco stemmen,16
852,Waterland,blanco stemmen,13
988,Weert,blanco stemmen,67
457,Weesp,blanco stemmen,12
870,Werkendam,blanco stemmen,20
668,West Maas en Waal,blanco stemmen,11
1701,Westerveld,blanco stemmen,12
293,Westervoort,blanco stemmen,11
1783,Westland,blanco stemmen,125
98,Weststellingwerf,blanco stemmen,30
614,Westvoorne,blanco stemmen,8
189,Wierden,blanco stemmen,12
296,Wijchen,blanco stemmen,36
1696,Wijdemeren,blanco stemmen,12
352,Wijk bij Duurstede,blanco stemmen,20
53,Winsum,blanco stemmen,10
294,Winterswijk,blanco stemmen,32
873,Woensdrecht,blanco stemmen,14
632,Woerden,blanco stemmen,35
880,Wormerland,blanco stemmen,11
351,Woudenberg,blanco stemmen,3
874,Woudrichem,blanco stemmen,8
479,Zaanstad,blanco stemmen,120
297,Zaltbommel,blanco stemmen,18
473,Zandvoort,blanco stemmen,11
707,Zederik,blanco stemmen,4
478,Zeevang,blanco stemmen,6
50,Zeewolde,blanco stemmen,7
355,Zeist,blanco stemmen,46
299,Zevenaar,blanco stemmen,32
476,Zijpe,blanco stemmen,6
637,Zoetermeer,blanco stemmen,171
638,Zoeterwoude,blanco stemmen,9
56,Zuidhorn,blanco stemmen,18
1892,Zuidplas,blanco stemmen,30
879,Zundert,blanco stemmen,25
301,Zutphen,blanco stemmen,32
1896,Zwartewaterland,blanco stemmen,12
642,Zwijndrecht,blanco stemmen,46
193,Zwolle,blanco stemmen,167
1680,Aa en Hunze,Eligible Votes,16342
738,Aalburg,Eligible Votes,7611
358,Aalsmeer,Eligible Votes,17636
197,Aalten,Eligible Votes,15880
59,Achtkarspelen,Eligible Votes,15592
482,Alblasserdam,Eligible Votes,11025
613,Albrandswaard,Eligible Votes,14212
361,Alkmaar,Eligible Votes,54113
141,Almelo,Eligible Votes,37000
34,Almere,Eligible Votes,94652
484,Alphen aan den Rijn,Eligible Votes,41613
1723,Alphen-Chaam,Eligible Votes,5835
60,Ameland,Eligible Votes,3135
307,Amersfoort,Eligible Votes,84430
362,Amstelveen,Eligible Votes,46021
363,Amsterdam,Eligible Votes,389276
200,Apeldoorn,Eligible Votes,92002
3,Appingedam,Eligible Votes,6707
202,Arnhem,Eligible Votes,80366
106,Assen,Eligible Votes,38651
743,Asten,Eligible Votes,9816
744,Baarle-Nassau,Eligible Votes,3758
308,Baarn,Eligible Votes,14575
489,Barendrecht,Eligible Votes,26671
203,Barneveld,Eligible Votes,32589
5,Bedum,Eligible Votes,6529
888,Beek,Eligible Votes,9923
370,Beemster,Eligible Votes,5458
889,Beesel,Eligible Votes,7535
7,Bellingwedde,Eligible Votes,5538
491,Bergambacht,Eligible Votes,6169
1724,Bergeijk,Eligible Votes,10840
893,Bergen (L.),Eligible Votes,7388
373,Bergen (NH),Eligible Votes,19865
748,Bergen op Zoom,Eligible Votes,35201
1859,Berkelland,Eligible Votes,27523
1721,Bernheze,Eligible Votes,16834
568,Bernisse,Eligible Votes,7576
753,Best,Eligible Votes,16339
209,Beuningen,Eligible Votes,14994
375,Beverwijk,Eligible Votes,20699
585,Binnenmaas,Eligible Votes,17851
1728,Bladel,Eligible Votes,11182
376,Blaricum,Eligible Votes,5850
377,Bloemendaal,Eligible Votes,14296
55,Boarnsterhim,Eligible Votes,11913
1901,Bodegraven-Reeuwijk,Eligible Votes,19905
755,Boekel,Eligible Votes,5578
9001,Bonaire,Eligible Votes,2149
1681,Borger-Odoorn,Eligible Votes,15910
147,Borne,Eligible Votes,12982
654,Borsele,Eligible Votes,13285
499,Boskoop,Eligible Votes,9053
756,Boxmeer,Eligible Votes,17959
757,Boxtel,Eligible Votes,17013
758,Breda,Eligible Votes,97202
501,Brielle,Eligible Votes,9596
1876,Bronckhorst,Eligible Votes,23063
213,Brummen,Eligible Votes,12631
899,Brunssum,Eligible Votes,15715
312,Bunnik,Eligible Votes,9320
313,Bunschoten,Eligible Votes,11900
214,Buren,Eligible Votes,15649
381,Bussum,Eligible Votes,19043
502,Capelle aan den IJssel,Eligible Votes,34984
383,Castricum,Eligible Votes,22325
109,Coevorden,Eligible Votes,21410
1706,Cranendonck,Eligible Votes,11708
611,Cromstrijen,Eligible Votes,7952
1684,Cuijk,Eligible Votes,13946
216,Culemborg,Eligible Votes,15656
148,Dalfsen,Eligible Votes,17063
1891,Dantumadiel,Eligible Votes,11188
310,De Bilt,Eligible Votes,26663
1663,De Marne,Eligible Votes,6306
736,De Ronde Venen,Eligible Votes,26038
1690,De Wolden,Eligible Votes,14918
503,Delft,Eligible Votes,54809
10,Delfzijl,Eligible Votes,14118
400,Den Helder,Eligible Votes,30125
762,Deurne,Eligible Votes,17926
150,Deventer,Eligible Votes,55044
384,Diemen,Eligible Votes,13293
1774,Dinkelland,Eligible Votes,16073
504,Dirksland,Eligible Votes,5011
221,Doesburg,Eligible Votes,6756
222,Doetinchem,Eligible Votes,32538
766,Dongen,Eligible Votes,14301
58,Dongeradeel,Eligible Votes,14175
505,Dordrecht,Eligible Votes,61967
498,Drechterland,Eligible Votes,11455
1719,Drimmelen,Eligible Votes,15321
303,Dronten,Eligible Votes,23043
225,Druten,Eligible Votes,10245
226,Duiven,Eligible Votes,14760
1711,Echt-Susteren,Eligible Votes,18668
385,Edam-Volendam,Eligible Votes,16783
228,Ede,Eligible Votes,64864
317,Eemnes,Eligible Votes,5389
1651,Eemsmond,Eligible Votes,9768
770,Eersel,Eligible Votes,10930
1903,Eijsden-Margraten,Eligible Votes,14919
772,Eindhoven,Eligible Votes,110623
230,Elburg,Eligible Votes,13502
114,Emmen,Eligible Votes,60918
388,Enkhuizen,Eligible Votes,10666
153,Enschede,Eligible Votes,81930
232,Epe,Eligible Votes,19951
233,Ermelo,Eligible Votes,16236
777,Etten-Leur,Eligible Votes,22983
1722,Ferwerderadiel,Eligible Votes,4947
70,Franekeradeel,Eligible Votes,11842
653,Gaasterlân-Sleat,Eligible Votes,6382
779,Geertruidenberg,Eligible Votes,11927
236,Geldermalsen,Eligible Votes,15926
1771,Geldrop-Mierlo,Eligible Votes,21872
1652,Gemert-Bakel,Eligible Votes,16366
907,Gennep,Eligible Votes,9875
689,Giessenlanden,Eligible Votes,9170
784,Gilze en Rijen,Eligible Votes,14677
511,Goedereede,Eligible Votes,7277
664,Goes,Eligible Votes,21562
785,Goirle,Eligible Votes,13679
512,Gorinchem,Eligible Votes,18992
513,Gouda,Eligible Votes,40229
693,Graafstroom,Eligible Votes,5947
365,Graft-De Rijp,Eligible Votes,4063
786,Grave,Eligible Votes,7312
241,Groesbeek,Eligible Votes,11514
14,Groningen,Eligible Votes,117585
15,Grootegast,Eligible Votes,6886
1729,Gulpen-Wittem,Eligible Votes,9470
158,Haaksbergen,Eligible Votes,14580
788,Haaren,Eligible Votes,7968
392,Haarlem,Eligible Votes,85981
393,Haarlemmerliede en Spaarnwoude,Eligible Votes,3423
394,Haarlemmermeer,Eligible Votes,80393
1655,Halderberge,Eligible Votes,16124
160,Hardenberg,Eligible Votes,35195
243,Harderwijk,Eligible Votes,26444
523,Hardinxveld-Giessendam,Eligible Votes,10789
17,Haren,Eligible Votes,12327
395,Harenkarspel,Eligible Votes,9177
72,Harlingen,Eligible Votes,9085
244,Hattem,Eligible Votes,7319
396,Heemskerk,Eligible Votes,22453
397,Heemstede,Eligible Votes,16716
246,Heerde,Eligible Votes,11212
74,Heerenveen,Eligible Votes,25460
398,Heerhugowaard,Eligible Votes,28640
917,Heerlen,Eligible Votes,46366
1658,Heeze-Leende,Eligible Votes,9446
399,Heiloo,Eligible Votes,14449
163,Hellendoorn,Eligible Votes,21891
530,Hellevoetsluis,Eligible Votes,21546
794,Helmond,Eligible Votes,42999
531,Hendrik-Ido-Ambacht,Eligible Votes,16604
164,Hengelo,Eligible Votes,46462
63,Het Bildt,Eligible Votes,5910
252,Heumen,Eligible Votes,10264
797,Heusden,Eligible Votes,24581
534,Hillegom,Eligible Votes,12238
798,Hilvarenbeek,Eligible Votes,9184
402,Hilversum,Eligible Votes,48452
1735,Hof van Twente,Eligible Votes,21931
1911,Hollands Kroon,Eligible Votes,27198
118,Hoogeveen,Eligible Votes,31314
18,Hoogezand-Sappemeer,Eligible Votes,18878
405,Hoorn,Eligible Votes,39084
1507,Horst aan de Maas,Eligible Votes,23769
321,Houten,Eligible Votes,28819
406,Huizen,Eligible Votes,24850
677,Hulst,Eligible Votes,14346
353,IJsselstein,Eligible Votes,19292
1884,Kaag en Braassem,Eligible Votes,16002
166,Kampen,Eligible Votes,29882
678,Kapelle,Eligible Votes,7629
537,Katwijk,Eligible Votes,34841
928,Kerkrade,Eligible Votes,23041
1598,Koggenland,Eligible Votes,13271
79,Kollumerland en Nieuwkruisland,Eligible Votes,7218
588,Korendijk,Eligible Votes,6764
542,Krimpen aan den IJssel,Eligible Votes,17280
1659,Laarbeek,Eligible Votes,12440
1685,Landerd,Eligible Votes,9138
882,Landgraaf,Eligible Votes,20920
415,Landsmeer,Eligible Votes,6467
416,Langedijk,Eligible Votes,16108
1621,Lansingerland,Eligible Votes,32247
417,Laren,Eligible Votes,7061
22,Leek,Eligible Votes,11483
545,Leerdam,Eligible Votes,11312
80,Leeuwarden,Eligible Votes,54428
81,Leeuwarderadeel,Eligible Votes,6413
546,Leiden,Eligible Votes,69041
547,Leiderdorp,Eligible Votes,16247
1916,Leidschendam-Voorburg,Eligible Votes,42803
995,Lelystad,Eligible Votes,38140
82,Lemsterland,Eligible Votes,7874
1640,Leudal,Eligible Votes,20619
327,Leusden,Eligible Votes,18429
694,Liesveld,Eligible Votes,5950
733,Lingewaal,Eligible Votes,6698
1705,Lingewaard,Eligible Votes,26818
553,Lisse,Eligible Votes,13657
140,Littenseradiel,Eligible Votes,6695
262,Lochem,Eligible Votes,21474
809,Loon op Zand,Eligible Votes,13163
331,Lopik,Eligible Votes,8192
24,Loppersum,Eligible Votes,6283
168,Losser,Eligible Votes,12720
1671,Maasdonk,Eligible Votes,6310
263,Maasdriel,Eligible Votes,14054
1641,Maasgouw,Eligible Votes,13665
556,Maassluis,Eligible Votes,18057
935,Maastricht,Eligible Votes,61957
25,Marum,Eligible Votes,5968
420,Medemblik,Eligible Votes,24978
938,Meerssen,Eligible Votes,11517
1908,Menameradiel,Eligible Votes,8300
1987,Menterwolde,Eligible Votes,7242
119,Meppel,Eligible Votes,19568
687,Middelburg,Eligible Votes,27930
559,Middelharnis,Eligible Votes,10803
1842,Midden-Delfland,Eligible Votes,11462
1731,Midden-Drenthe,Eligible Votes,20968
815,Mill en Sint Hubert,Eligible Votes,6679
265,Millingen aan de Rijn,Eligible Votes,3364
1709,Moerdijk,Eligible Votes,20418
1955,Montferland,Eligible Votes,20336
335,Montfoort,Eligible Votes,8276
944,Mook en Middelaar,Eligible Votes,4963
424,Muiden,Eligible Votes,4013
425,Naarden,Eligible Votes,10511
1740,Neder-Betuwe,Eligible Votes,13102
643,Nederlek,Eligible Votes,8902
946,Nederweert,Eligible Votes,9621
304,Neerijnen,Eligible Votes,7182
356,Nieuwegein,Eligible Votes,34435
569,Nieuwkoop,Eligible Votes,16063
571,Nieuw-Lekkerland,Eligible Votes,5519
267,Nijkerk,Eligible Votes,23857
268,Nijmegen,Eligible Votes,96548
1695,Noord-Beveland,Eligible Votes,4658
1699,Noordenveld,Eligible Votes,19437
171,Noordoostpolder,Eligible Votes,26059
575,Noordwijk,Eligible Votes,15342
576,Noordwijkerhout,Eligible Votes,9379
820,Nuenen Gerwen en Nederwetten,Eligible Votes,14187
302,Nunspeet,Eligible Votes,16582
951,Nuth,Eligible Votes,9463
579,Oegstgeest,Eligible Votes,14118
823,Oirschot,Eligible Votes,10572
824,Oisterwijk,Eligible Votes,15212
1895,Oldambt,Eligible Votes,22640
269,Oldebroek,Eligible Votes,13253
173,Oldenzaal,Eligible Votes,18908
1773,Olst-Wijhe,Eligible Votes,10525
175,Ommen,Eligible Votes,11046
881,Onderbanken,Eligible Votes,4729
1586,Oost Gelre,Eligible Votes,17408
826,Oosterhout,Eligible Votes,29830
580,Oostflakkee,Eligible Votes,6130
85,Ooststellingwerf,Eligible Votes,15482
431,Oostzaan,Eligible Votes,5501
432,Opmeer,Eligible Votes,6579
86,Opsterland,Eligible Votes,17848
828,Oss,Eligible Votes,46909
584,Oud-Beijerland,Eligible Votes,14065
1509,Oude IJsselstreek,Eligible Votes,23110
437,Ouder-Amstel,Eligible Votes,8124
644,Ouderkerk,Eligible Votes,5060
589,Oudewater,Eligible Votes,6044
1734,Overbetuwe,Eligible Votes,26676
590,Papendrecht,Eligible Votes,18631
1894,Peel en Maas,Eligible Votes,24564
765,Pekela,Eligible Votes,6929
1926,Pijnacker-Nootdorp,Eligible Votes,28176
439,Purmerend,Eligible Votes,43388
273,Putten,Eligible Votes,14840
177,Raalte,Eligible Votes,22072
703,Reimerswaal,Eligible Votes,12186
274,Renkum,Eligible Votes,19632
339,Renswoude,Eligible Votes,3016
1667,Reusel-De Mierden,Eligible Votes,7115
275,Rheden,Eligible Votes,26386
340,Rhenen,Eligible Votes,11480
597,Ridderkerk,Eligible Votes,26412
196,Rijnwaarden,Eligible Votes,6121
1672,Rijnwoude,Eligible Votes,11384
1742,Rijssen-Holten,Eligible Votes,23094
603,Rijswijk,Eligible Votes,27664
1669,Roerdalen,Eligible Votes,11945
957,Roermond,Eligible Votes,28926
1674,Roosendaal,Eligible Votes,41065
599,Rotterdam,Eligible Votes,275402
277,Rozendaal,Eligible Votes,1067
840,Rucphen,Eligible Votes,11816
9003,Saba,Eligible Votes,222
441,Schagen,Eligible Votes,11245
458,Schermer,Eligible Votes,3371
279,Scherpenzeel,Eligible Votes,5709
606,Schiedam,Eligible Votes,37417
88,Schiermonnikoog,Eligible Votes,1137
844,Schijndel,Eligible Votes,12722
962,Schinnen,Eligible Votes,8003
608,Schoonhoven,Eligible Votes,7019
1676,Schouwen-Duiveland,Eligible Votes,22029
518,'s-Gravenhage,Eligible Votes,270440
796,'s-Hertogenbosch,Eligible Votes,80255
965,Simpelveld,Eligible Votes,6167
1702,Sint Anthonis,Eligible Votes,7392
9002,Sint Eustatius,Eligible Votes,262
845,Sint-Michielsgestel,Eligible Votes,16147
846,Sint-Oedenrode,Eligible Votes,10572
1883,Sittard-Geleen,Eligible Votes,51851
51,Skarsterlân,Eligible Votes,16527
610,Sliedrecht,Eligible Votes,13885
40,Slochteren,Eligible Votes,9211
1714,Sluis,Eligible Votes,13478
90,Smallingerland,Eligible Votes,32807
342,Soest,Eligible Votes,26870
847,Someren,Eligible Votes,10760
848,Son en Breugel,Eligible Votes,9445
612,Spijkenisse,Eligible Votes,38211
37,Stadskanaal,Eligible Votes,18298
180,Staphorst,Eligible Votes,9875
532,Stede Broec,Eligible Votes,12336
851,Steenbergen,Eligible Votes,12964
1708,Steenwijkerland,Eligible Votes,26436
971,Stein,Eligible Votes,14819
1904,Stichtse Vecht,Eligible Votes,37952
617,Strijen,Eligible Votes,5440
1900,Súdwest-Fryslân,Eligible Votes,49213
9,Ten Boer,Eligible Votes,4509
715,Terneuzen,Eligible Votes,28314
93,Terschelling,Eligible Votes,4425
448,Texel,Eligible Votes,10426
1525,Teylingen,Eligible Votes,21430
716,Tholen,Eligible Votes,14633
281,Tiel,Eligible Votes,21464
855,Tilburg,Eligible Votes,104805
183,Tubbergen,Eligible Votes,12683
1700,Twenterand,Eligible Votes,19289
1730,Tynaarlo,Eligible Votes,20431
737,Tytsjerksteradiel,Eligible Votes,18977
282,Ubbergen,Eligible Votes,5999
856,Uden,Eligible Votes,23682
450,Uitgeest,Eligible Votes,7839
451,Uithoorn,Eligible Votes,16416
184,Urk,Eligible Votes,10067
344,Utrecht,Eligible Votes,178580
1581,Utrechtse Heuvelrug,Eligible Votes,30207
981,Vaals,Eligible Votes,4234
994,Valkenburg aan de Geul,Eligible Votes,10367
858,Valkenswaard,Eligible Votes,17879
47,Veendam,Eligible Votes,15808
345,Veenendaal,Eligible Votes,36306
717,Veere,Eligible Votes,15190
860,Veghel,Eligible Votes,21105
861,Veldhoven,Eligible Votes,25335
453,Velsen,Eligible Votes,37850
983,Venlo,Eligible Votes,52088
984,Venray,Eligible Votes,23908
620,Vianen,Eligible Votes,11296
622,Vlaardingen,Eligible Votes,38183
48,Vlagtwedde,Eligible Votes,9229
96,Vlieland,Eligible Votes,1152
718,Vlissingen,Eligible Votes,23375
623,Vlist,Eligible Votes,6211
986,Voerendaal,Eligible Votes,7803
626,Voorschoten,Eligible Votes,14673
285,Voorst,Eligible Votes,14600
865,Vught,Eligible Votes,14979
866,Waalre,Eligible Votes,9972
867,Waalwijk,Eligible Votes,25799
627,Waddinxveen,Eligible Votes,15235
289,Wageningen,Eligible Votes,21186
629,Wassenaar,Eligible Votes,14413
852,Waterland,Eligible Votes,10987
988,Weert,Eligible Votes,27617
457,Weesp,Eligible Votes,10340
870,Werkendam,Eligible Votes,15319
668,West Maas en Waal,Eligible Votes,11256
1701,Westerveld,Eligible Votes,12864
293,Westervoort,Eligible Votes,8873
1783,Westland,Eligible Votes,59483
98,Weststellingwerf,Eligible Votes,15287
614,Westvoorne,Eligible Votes,8609
189,Wierden,Eligible Votes,14734
296,Wijchen,Eligible Votes,24258
1696,Wijdemeren,Eligible Votes,14722
352,Wijk bij Duurstede,Eligible Votes,13953
53,Winsum,Eligible Votes,8712
294,Winterswijk,Eligible Votes,16537
873,Woensdrecht,Eligible Votes,11612
632,Woerden,Eligible Votes,30456
880,Wormerland,Eligible Votes,9507
351,Woudenberg,Eligible Votes,7447
874,Woudrichem,Eligible Votes,8815
479,Zaanstad,Eligible Votes,79557
297,Zaltbommel,Eligible Votes,15471
473,Zandvoort,Eligible Votes,9806
707,Zederik,Eligible Votes,8517
478,Zeevang,Eligible Votes,3864
50,Zeewolde,Eligible Votes,12142
355,Zeist,Eligible Votes,35518
299,Zevenaar,Eligible Votes,19321
476,Zijpe,Eligible Votes,6982
637,Zoetermeer,Eligible Votes,68769
638,Zoeterwoude,Eligible Votes,5026
56,Zuidhorn,Eligible Votes,11458
1892,Zuidplas,Eligible Votes,23772
879,Zundert,Eligible Votes,11287
301,Zutphen,Eligible Votes,27663
1896,Zwartewaterland,Eligible Votes,12832
642,Zwijndrecht,Eligible Votes,25489
193,Zwolle,Eligible Votes,72161
1680,Aa en Hunze,onEligible Votes,21
738,Aalburg,onEligible Votes,23
358,Aalsmeer,onEligible Votes,35
197,Aalten,onEligible Votes,21
59,Achtkarspelen,onEligible Votes,33
482,Alblasserdam,onEligible Votes,20
613,Albrandswaard,onEligible Votes,27
361,Alkmaar,onEligible Votes,99
141,Almelo,onEligible Votes,102
34,Almere,onEligible Votes,279
484,Alphen aan den Rijn,onEligible Votes,81
1723,Alphen-Chaam,onEligible Votes,12
60,Ameland,onEligible Votes,0
307,Amersfoort,onEligible Votes,162
362,Amstelveen,onEligible Votes,100
363,Amsterdam,onEligible Votes,1738
200,Apeldoorn,onEligible Votes,156
3,Appingedam,onEligible Votes,10
202,Arnhem,onEligible Votes,197
106,Assen,onEligible Votes,61
743,Asten,onEligible Votes,18
744,Baarle-Nassau,onEligible Votes,6
308,Baarn,onEligible Votes,24
489,Barendrecht,onEligible Votes,30
203,Barneveld,onEligible Votes,47
5,Bedum,onEligible Votes,7
888,Beek,onEligible Votes,28
370,Beemster,onEligible Votes,8
889,Beesel,onEligible Votes,16
7,Bellingwedde,onEligible Votes,21
491,Bergambacht,onEligible Votes,9
1724,Bergeijk,onEligible Votes,18
893,Bergen (L.),onEligible Votes,10
373,Bergen (NH),onEligible Votes,27
748,Bergen op Zoom,onEligible Votes,118
1859,Berkelland,onEligible Votes,46
1721,Bernheze,onEligible Votes,22
568,Bernisse,onEligible Votes,18
753,Best,onEligible Votes,35
209,Beuningen,onEligible Votes,35
375,Beverwijk,onEligible Votes,38
585,Binnenmaas,onEligible Votes,30
1728,Bladel,onEligible Votes,14
376,Blaricum,onEligible Votes,9
377,Bloemendaal,onEligible Votes,25
55,Boarnsterhim,onEligible Votes,15
1901,Bodegraven-Reeuwijk,onEligible Votes,29
755,Boekel,onEligible Votes,10
9001,Bonaire,onEligible Votes,58
1681,Borger-Odoorn,onEligible Votes,25
147,Borne,onEligible Votes,21
654,Borsele,onEligible Votes,28
499,Boskoop,onEligible Votes,8
756,Boxmeer,onEligible Votes,27
757,Boxtel,onEligible Votes,40
758,Breda,onEligible Votes,220
501,Brielle,onEligible Votes,17
1876,Bronckhorst,onEligible Votes,32
213,Brummen,onEligible Votes,23
899,Brunssum,onEligible Votes,25
312,Bunnik,onEligible Votes,15
313,Bunschoten,onEligible Votes,28
214,Buren,onEligible Votes,21
381,Bussum,onEligible Votes,34
502,Capelle aan den IJssel,onEligible Votes,93
383,Castricum,onEligible Votes,30
109,Coevorden,onEligible Votes,36
1706,Cranendonck,onEligible Votes,19
611,Cromstrijen,onEligible Votes,7
1684,Cuijk,onEligible Votes,27
216,Culemborg,onEligible Votes,32
148,Dalfsen,onEligible Votes,24
1891,Dantumadiel,onEligible Votes,19
310,De Bilt,onEligible Votes,36
1663,De Marne,onEligible Votes,6
736,De Ronde Venen,onEligible Votes,33
1690,De Wolden,onEligible Votes,25
503,Delft,onEligible Votes,157
10,Delfzijl,onEligible Votes,40
400,Den Helder,onEligible Votes,61
762,Deurne,onEligible Votes,23
150,Deventer,onEligible Votes,125
384,Diemen,onEligible Votes,42
1774,Dinkelland,onEligible Votes,28
504,Dirksland,onEligible Votes,10
221,Doesburg,onEligible Votes,9
222,Doetinchem,onEligible Votes,44
766,Dongen,onEligible Votes,19
58,Dongeradeel,onEligible Votes,29
505,Dordrecht,onEligible Votes,177
498,Drechterland,onEligible Votes,26
1719,Drimmelen,onEligible Votes,28
303,Dronten,onEligible Votes,52
225,Druten,onEligible Votes,18
226,Duiven,onEligible Votes,31
1711,Echt-Susteren,onEligible Votes,33
385,Edam-Volendam,onEligible Votes,22
228,Ede,onEligible Votes,100
317,Eemnes,onEligible Votes,5
1651,Eemsmond,onEligible Votes,16
770,Eersel,onEligible Votes,16
1903,Eijsden-Margraten,onEligible Votes,33
772,Eindhoven,onEligible Votes,275
230,Elburg,onEligible Votes,31
114,Emmen,onEligible Votes,113
388,Enkhuizen,onEligible Votes,21
153,Enschede,onEligible Votes,210
232,Epe,onEligible Votes,32
233,Ermelo,onEligible Votes,31
777,Etten-Leur,onEligible Votes,45
1722,Ferwerderadiel,onEligible Votes,4
70,Franekeradeel,onEligible Votes,24
653,Gaasterlân-Sleat,onEligible Votes,8
779,Geertruidenberg,onEligible Votes,16
236,Geldermalsen,onEligible Votes,23
1771,Geldrop-Mierlo,onEligible Votes,31
1652,Gemert-Bakel,onEligible Votes,34
907,Gennep,onEligible Votes,12
689,Giessenlanden,onEligible Votes,12
784,Gilze en Rijen,onEligible Votes,26
511,Goedereede,onEligible Votes,10
664,Goes,onEligible Votes,36
785,Goirle,onEligible Votes,17
512,Gorinchem,onEligible Votes,39
513,Gouda,onEligible Votes,105
693,Graafstroom,onEligible Votes,7
365,Graft-De Rijp,onEligible Votes,15
786,Grave,onEligible Votes,13
241,Groesbeek,onEligible Votes,30
14,Groningen,onEligible Votes,225
15,Grootegast,onEligible Votes,4
1729,Gulpen-Wittem,onEligible Votes,17
158,Haaksbergen,onEligible Votes,20
788,Haaren,onEligible Votes,10
392,Haarlem,onEligible Votes,199
393,Haarlemmerliede en Spaarnwoude,onEligible Votes,2
394,Haarlemmermeer,onEligible Votes,218
1655,Halderberge,onEligible Votes,41
160,Hardenberg,onEligible Votes,52
243,Harderwijk,onEligible Votes,64
523,Hardinxveld-Giessendam,onEligible Votes,20
17,Haren,onEligible Votes,18
395,Harenkarspel,onEligible Votes,13
72,Harlingen,onEligible Votes,21
244,Hattem,onEligible Votes,22
396,Heemskerk,onEligible Votes,58
397,Heemstede,onEligible Votes,32
246,Heerde,onEligible Votes,23
74,Heerenveen,onEligible Votes,48
398,Heerhugowaard,onEligible Votes,74
917,Heerlen,onEligible Votes,137
1658,Heeze-Leende,onEligible Votes,13
399,Heiloo,onEligible Votes,21
163,Hellendoorn,onEligible Votes,38
530,Hellevoetsluis,onEligible Votes,40
794,Helmond,onEligible Votes,139
531,Hendrik-Ido-Ambacht,onEligible Votes,39
164,Hengelo,onEligible Votes,118
63,Het Bildt,onEligible Votes,19
252,Heumen,onEligible Votes,11
797,Heusden,onEligible Votes,63
534,Hillegom,onEligible Votes,30
798,Hilvarenbeek,onEligible Votes,17
402,Hilversum,onEligible Votes,92
1735,Hof van Twente,onEligible Votes,33
1911,Hollands Kroon,onEligible Votes,53
118,Hoogeveen,onEligible Votes,49
18,Hoogezand-Sappemeer,onEligible Votes,41
405,Hoorn,onEligible Votes,90
1507,Horst aan de Maas,onEligible Votes,37
321,Houten,onEligible Votes,31
406,Huizen,onEligible Votes,28
677,Hulst,onEligible Votes,24
353,IJsselstein,onEligible Votes,41
1884,Kaag en Braassem,onEligible Votes,22
166,Kampen,onEligible Votes,39
678,Kapelle,onEligible Votes,3
537,Katwijk,onEligible Votes,39
928,Kerkrade,onEligible Votes,50
1598,Koggenland,onEligible Votes,24
79,Kollumerland en Nieuwkruisland,onEligible Votes,22
588,Korendijk,onEligible Votes,5
542,Krimpen aan den IJssel,onEligible Votes,42
1659,Laarbeek,onEligible Votes,26
1685,Landerd,onEligible Votes,17
882,Landgraaf,onEligible Votes,34
415,Landsmeer,onEligible Votes,10
416,Langedijk,onEligible Votes,34
1621,Lansingerland,onEligible Votes,54
417,Laren,onEligible Votes,9
22,Leek,onEligible Votes,23
545,Leerdam,onEligible Votes,19
80,Leeuwarden,onEligible Votes,112
81,Leeuwarderadeel,onEligible Votes,8
546,Leiden,onEligible Votes,186
547,Leiderdorp,onEligible Votes,53
1916,Leidschendam-Voorburg,onEligible Votes,119
995,Lelystad,onEligible Votes,100
82,Lemsterland,onEligible Votes,22
1640,Leudal,onEligible Votes,32
327,Leusden,onEligible Votes,31
694,Liesveld,onEligible Votes,10
733,Lingewaal,onEligible Votes,10
1705,Lingewaard,onEligible Votes,59
553,Lisse,onEligible Votes,26
140,Littenseradiel,onEligible Votes,12
262,Lochem,onEligible Votes,27
809,Loon op Zand,onEligible Votes,10
331,Lopik,onEligible Votes,13
24,Loppersum,onEligible Votes,10
168,Losser,onEligible Votes,19
1671,Maasdonk,onEligible Votes,15
263,Maasdriel,onEligible Votes,27
1641,Maasgouw,onEligible Votes,29
556,Maassluis,onEligible Votes,47
935,Maastricht,onEligible Votes,148
25,Marum,onEligible Votes,9
420,Medemblik,onEligible Votes,43
938,Meerssen,onEligible Votes,29
1908,Menameradiel,onEligible Votes,14
1987,Menterwolde,onEligible Votes,13
119,Meppel,onEligible Votes,40
687,Middelburg,onEligible Votes,44
559,Middelharnis,onEligible Votes,14
1842,Midden-Delfland,onEligible Votes,17
1731,Midden-Drenthe,onEligible Votes,34
815,Mill en Sint Hubert,onEligible Votes,8
265,Millingen aan de Rijn,onEligible Votes,3
1709,Moerdijk,onEligible Votes,22
1955,Montferland,onEligible Votes,33
335,Montfoort,onEligible Votes,5
944,Mook en Middelaar,onEligible Votes,5
424,Muiden,onEligible Votes,11
425,Naarden,onEligible Votes,12
1740,Neder-Betuwe,onEligible Votes,24
643,Nederlek,onEligible Votes,18
946,Nederweert,onEligible Votes,16
304,Neerijnen,onEligible Votes,8
356,Nieuwegein,onEligible Votes,85
569,Nieuwkoop,onEligible Votes,18
571,Nieuw-Lekkerland,onEligible Votes,8
267,Nijkerk,onEligible Votes,44
268,Nijmegen,onEligible Votes,204
1695,Noord-Beveland,onEligible Votes,8
1699,Noordenveld,onEligible Votes,43
171,Noordoostpolder,onEligible Votes,47
575,Noordwijk,onEligible Votes,41
576,Noordwijkerhout,onEligible Votes,21
820,Nuenen Gerwen en Nederwetten,onEligible Votes,22
302,Nunspeet,onEligible Votes,32
951,Nuth,onEligible Votes,30
579,Oegstgeest,onEligible Votes,13
823,Oirschot,onEligible Votes,23
824,Oisterwijk,onEligible Votes,27
1895,Oldambt,onEligible Votes,51
269,Oldebroek,onEligible Votes,23
173,Oldenzaal,onEligible Votes,36
1773,Olst-Wijhe,onEligible Votes,11
175,Ommen,onEligible Votes,10
881,Onderbanken,onEligible Votes,12
1586,Oost Gelre,onEligible Votes,21
826,Oosterhout,onEligible Votes,50
580,Oostflakkee,onEligible Votes,8
85,Ooststellingwerf,onEligible Votes,26
431,Oostzaan,onEligible Votes,13
432,Opmeer,onEligible Votes,7
86,Opsterland,onEligible Votes,18
828,Oss,onEligible Votes,108
584,Oud-Beijerland,onEligible Votes,27
1509,Oude IJsselstreek,onEligible Votes,32
437,Ouder-Amstel,onEligible Votes,12
644,Ouderkerk,onEligible Votes,9
589,Oudewater,onEligible Votes,2
1734,Overbetuwe,onEligible Votes,31
590,Papendrecht,onEligible Votes,28
1894,Peel en Maas,onEligible Votes,41
765,Pekela,onEligible Votes,20
1926,Pijnacker-Nootdorp,onEligible Votes,36
439,Purmerend,onEligible Votes,127
273,Putten,onEligible Votes,26
177,Raalte,onEligible Votes,26
703,Reimerswaal,onEligible Votes,24
274,Renkum,onEligible Votes,33
339,Renswoude,onEligible Votes,7
1667,Reusel-De Mierden,onEligible Votes,4
275,Rheden,onEligible Votes,48
340,Rhenen,onEligible Votes,32
597,Ridderkerk,onEligible Votes,53
196,Rijnwaarden,onEligible Votes,6
1672,Rijnwoude,onEligible Votes,18
1742,Rijssen-Holten,onEligible Votes,58
603,Rijswijk,onEligible Votes,84
1669,Roerdalen,onEligible Votes,13
957,Roermond,onEligible Votes,77
1674,Roosendaal,onEligible Votes,105
599,Rotterdam,onEligible Votes,1303
277,Rozendaal,onEligible Votes,2
840,Rucphen,onEligible Votes,17
9003,Saba,onEligible Votes,4
441,Schagen,onEligible Votes,20
458,Schermer,onEligible Votes,6
279,Scherpenzeel,onEligible Votes,9
606,Schiedam,onEligible Votes,126
88,Schiermonnikoog,onEligible Votes,7
844,Schijndel,onEligible Votes,17
962,Schinnen,onEligible Votes,17
608,Schoonhoven,onEligible Votes,21
1676,Schouwen-Duiveland,onEligible Votes,47
518,'s-Gravenhage,onEligible Votes,1090
796,'s-Hertogenbosch,onEligible Votes,175
965,Simpelveld,onEligible Votes,5
1702,Sint Anthonis,onEligible Votes,9
9002,Sint Eustatius,onEligible Votes,3
845,Sint-Michielsgestel,onEligible Votes,32
846,Sint-Oedenrode,onEligible Votes,16
1883,Sittard-Geleen,onEligible Votes,101
51,Skarsterlân,onEligible Votes,23
610,Sliedrecht,onEligible Votes,38
40,Slochteren,onEligible Votes,26
1714,Sluis,onEligible Votes,22
90,Smallingerland,onEligible Votes,78
342,Soest,onEligible Votes,47
847,Someren,onEligible Votes,15
848,Son en Breugel,onEligible Votes,12
612,Spijkenisse,onEligible Votes,87
37,Stadskanaal,onEligible Votes,49
180,Staphorst,onEligible Votes,16
532,Stede Broec,onEligible Votes,15
851,Steenbergen,onEligible Votes,22
1708,Steenwijkerland,onEligible Votes,48
971,Stein,onEligible Votes,30
1904,Stichtse Vecht,onEligible Votes,65
617,Strijen,onEligible Votes,6
1900,Súdwest-Fryslân,onEligible Votes,78
9,Ten Boer,onEligible Votes,7
715,Terneuzen,onEligible Votes,69
93,Terschelling,onEligible Votes,5
448,Texel,onEligible Votes,15
1525,Teylingen,onEligible Votes,26
716,Tholen,onEligible Votes,21
281,Tiel,onEligible Votes,42
855,Tilburg,onEligible Votes,228
183,Tubbergen,onEligible Votes,22
1700,Twenterand,onEligible Votes,38
1730,Tynaarlo,onEligible Votes,23
737,Tytsjerksteradiel,onEligible Votes,28
282,Ubbergen,onEligible Votes,15
856,Uden,onEligible Votes,38
450,Uitgeest,onEligible Votes,18
451,Uithoorn,onEligible Votes,35
184,Urk,onEligible Votes,18
344,Utrecht,onEligible Votes,375
1581,Utrechtse Heuvelrug,onEligible Votes,78
981,Vaals,onEligible Votes,10
994,Valkenburg aan de Geul,onEligible Votes,24
858,Valkenswaard,onEligible Votes,35
47,Veendam,onEligible Votes,18
345,Veenendaal,onEligible Votes,95
717,Veere,onEligible Votes,18
860,Veghel,onEligible Votes,33
861,Veldhoven,onEligible Votes,35
453,Velsen,onEligible Votes,58
983,Venlo,onEligible Votes,131
984,Venray,onEligible Votes,50
620,Vianen,onEligible Votes,27
622,Vlaardingen,onEligible Votes,103
48,Vlagtwedde,onEligible Votes,28
96,Vlieland,onEligible Votes,0
718,Vlissingen,onEligible Votes,58
623,Vlist,onEligible Votes,8
986,Voerendaal,onEligible Votes,13
626,Voorschoten,onEligible Votes,27
285,Voorst,onEligible Votes,26
865,Vught,onEligible Votes,12
866,Waalre,onEligible Votes,9
867,Waalwijk,onEligible Votes,47
627,Waddinxveen,onEligible Votes,26
289,Wageningen,onEligible Votes,27
629,Wassenaar,onEligible Votes,34
852,Waterland,onEligible Votes,19
988,Weert,onEligible Votes,57
457,Weesp,onEligible Votes,32
870,Werkendam,onEligible Votes,15
668,West Maas en Waal,onEligible Votes,11
1701,Westerveld,onEligible Votes,14
293,Westervoort,onEligible Votes,12
1783,Westland,onEligible Votes,100
98,Weststellingwerf,onEligible Votes,34
614,Westvoorne,onEligible Votes,12
189,Wierden,onEligible Votes,22
296,Wijchen,onEligible Votes,53
1696,Wijdemeren,onEligible Votes,17
352,Wijk bij Duurstede,onEligible Votes,21
53,Winsum,onEligible Votes,13
294,Winterswijk,onEligible Votes,28
873,Woensdrecht,onEligible Votes,25
632,Woerden,onEligible Votes,55
880,Wormerland,onEligible Votes,17
351,Woudenberg,onEligible Votes,7
874,Woudrichem,onEligible Votes,13
479,Zaanstad,onEligible Votes,228
297,Zaltbommel,onEligible Votes,25
473,Zandvoort,onEligible Votes,19
707,Zederik,onEligible Votes,17
478,Zeevang,onEligible Votes,5
50,Zeewolde,onEligible Votes,18
355,Zeist,onEligible Votes,80
299,Zevenaar,onEligible Votes,31
476,Zijpe,onEligible Votes,17
637,Zoetermeer,onEligible Votes,165
638,Zoeterwoude,onEligible Votes,8
56,Zuidhorn,onEligible Votes,10
1892,Zuidplas,onEligible Votes,41
879,Zundert,onEligible Votes,18
301,Zutphen,onEligible Votes,43
1896,Zwartewaterland,onEligible Votes,32
642,Zwijndrecht,onEligible Votes,64
193,Zwolle,onEligible Votes,123
1680,Aa en Hunze,Voter Turnout,16379
738,Aalburg,Voter Turnout,7641
358,Aalsmeer,Voter Turnout,17696
197,Aalten,Voter Turnout,15918
59,Achtkarspelen,Voter Turnout,15647
482,Alblasserdam,Voter Turnout,11055
613,Albrandswaard,Voter Turnout,14259
361,Alkmaar,Voter Turnout,54354
141,Almelo,Voter Turnout,37172
34,Almere,Voter Turnout,95130
484,Alphen aan den Rijn,Voter Turnout,41788
1723,Alphen-Chaam,Voter Turnout,5854
60,Ameland,Voter Turnout,3138
307,Amersfoort,Voter Turnout,84763
362,Amstelveen,Voter Turnout,46201
363,Amsterdam,Voter Turnout,392013
200,Apeldoorn,Voter Turnout,92282
3,Appingedam,Voter Turnout,6731
202,Arnhem,Voter Turnout,80717
106,Assen,Voter Turnout,38766
743,Asten,Voter Turnout,9846
744,Baarle-Nassau,Voter Turnout,3767
308,Baarn,Voter Turnout,14623
489,Barendrecht,Voter Turnout,26750
203,Barneveld,Voter Turnout,32661
5,Bedum,Voter Turnout,6545
888,Beek,Voter Turnout,9972
370,Beemster,Voter Turnout,5477
889,Beesel,Voter Turnout,7564
7,Bellingwedde,Voter Turnout,5571
491,Bergambacht,Voter Turnout,6179
1724,Bergeijk,Voter Turnout,10868
893,Bergen (L.),Voter Turnout,7410
373,Bergen (NH),Voter Turnout,19915
748,Bergen op Zoom,Voter Turnout,35361
1859,Berkelland,Voter Turnout,27599
1721,Bernheze,Voter Turnout,16879
568,Bernisse,Voter Turnout,7606
753,Best,Voter Turnout,16405
209,Beuningen,Voter Turnout,15045
375,Beverwijk,Voter Turnout,20771
585,Binnenmaas,Voter Turnout,17899
1728,Bladel,Voter Turnout,11218
376,Blaricum,Voter Turnout,5872
377,Bloemendaal,Voter Turnout,14335
55,Boarnsterhim,Voter Turnout,11947
1901,Bodegraven-Reeuwijk,Voter Turnout,19964
755,Boekel,Voter Turnout,5597
9001,Bonaire,Voter Turnout,2565
1681,Borger-Odoorn,Voter Turnout,15950
147,Borne,Voter Turnout,13015
654,Borsele,Voter Turnout,13332
499,Boskoop,Voter Turnout,9075
756,Boxmeer,Voter Turnout,18014
757,Boxtel,Voter Turnout,17077
758,Breda,Voter Turnout,97618
501,Brielle,Voter Turnout,9642
1876,Bronckhorst,Voter Turnout,23121
213,Brummen,Voter Turnout,12665
899,Brunssum,Voter Turnout,15789
312,Bunnik,Voter Turnout,9346
313,Bunschoten,Voter Turnout,11943
214,Buren,Voter Turnout,15688
381,Bussum,Voter Turnout,19095
502,Capelle aan den IJssel,Voter Turnout,35132
383,Castricum,Voter Turnout,22373
109,Coevorden,Voter Turnout,21480
1706,Cranendonck,Voter Turnout,11750
611,Cromstrijen,Voter Turnout,7966
1684,Cuijk,Voter Turnout,14006
216,Culemborg,Voter Turnout,15707
148,Dalfsen,Voter Turnout,17109
1891,Dantumadiel,Voter Turnout,11216
310,De Bilt,Voter Turnout,26750
1663,De Marne,Voter Turnout,6317
736,De Ronde Venen,Voter Turnout,26094
1690,De Wolden,Voter Turnout,14955
503,Delft,Voter Turnout,55129
10,Delfzijl,Voter Turnout,14196
400,Den Helder,Voter Turnout,30235
762,Deurne,Voter Turnout,17995
150,Deventer,Voter Turnout,55246
384,Diemen,Voter Turnout,13360
1774,Dinkelland,Voter Turnout,16120
504,Dirksland,Voter Turnout,5026
221,Doesburg,Voter Turnout,6772
222,Doetinchem,Voter Turnout,32618
766,Dongen,Voter Turnout,14346
58,Dongeradeel,Voter Turnout,14221
505,Dordrecht,Voter Turnout,62254
498,Drechterland,Voter Turnout,11491
1719,Drimmelen,Voter Turnout,15372
303,Dronten,Voter Turnout,23119
225,Druten,Voter Turnout,10275
226,Duiven,Voter Turnout,14805
1711,Echt-Susteren,Voter Turnout,18765
385,Edam-Volendam,Voter Turnout,16838
228,Ede,Voter Turnout,65026
317,Eemnes,Voter Turnout,5404
1651,Eemsmond,Voter Turnout,9796
770,Eersel,Voter Turnout,10968
1903,Eijsden-Margraten,Voter Turnout,14993
772,Eindhoven,Voter Turnout,111180
230,Elburg,Voter Turnout,13547
114,Emmen,Voter Turnout,61090
388,Enkhuizen,Voter Turnout,10702
153,Enschede,Voter Turnout,82328
232,Epe,Voter Turnout,20006
233,Ermelo,Voter Turnout,16289
777,Etten-Leur,Voter Turnout,23060
1722,Ferwerderadiel,Voter Turnout,4957
70,Franekeradeel,Voter Turnout,11879
653,Gaasterlân-Sleat,Voter Turnout,6405
779,Geertruidenberg,Voter Turnout,11967
236,Geldermalsen,Voter Turnout,15963
1771,Geldrop-Mierlo,Voter Turnout,21950
1652,Gemert-Bakel,Voter Turnout,16439
907,Gennep,Voter Turnout,9908
689,Giessenlanden,Voter Turnout,9186
784,Gilze en Rijen,Voter Turnout,14719
511,Goedereede,Voter Turnout,7294
664,Goes,Voter Turnout,21640
785,Goirle,Voter Turnout,13716
512,Gorinchem,Voter Turnout,19068
513,Gouda,Voter Turnout,40425
693,Graafstroom,Voter Turnout,5959
365,Graft-De Rijp,Voter Turnout,4082
786,Grave,Voter Turnout,7334
241,Groesbeek,Voter Turnout,11563
14,Groningen,Voter Turnout,118092
15,Grootegast,Voter Turnout,6905
1729,Gulpen-Wittem,Voter Turnout,9508
158,Haaksbergen,Voter Turnout,14623
788,Haaren,Voter Turnout,7997
392,Haarlem,Voter Turnout,86365
393,Haarlemmerliede en Spaarnwoude,Voter Turnout,3427
394,Haarlemmermeer,Voter Turnout,80745
1655,Halderberge,Voter Turnout,16186
160,Hardenberg,Voter Turnout,35293
243,Harderwijk,Voter Turnout,26539
523,Hardinxveld-Giessendam,Voter Turnout,10821
17,Haren,Voter Turnout,12355
395,Harenkarspel,Voter Turnout,9211
72,Harlingen,Voter Turnout,9116
244,Hattem,Voter Turnout,7348
396,Heemskerk,Voter Turnout,22549
397,Heemstede,Voter Turnout,16766
246,Heerde,Voter Turnout,11248
74,Heerenveen,Voter Turnout,25545
398,Heerhugowaard,Voter Turnout,28749
917,Heerlen,Voter Turnout,46644
1658,Heeze-Leende,Voter Turnout,9474
399,Heiloo,Voter Turnout,14482
163,Hellendoorn,Voter Turnout,21959
530,Hellevoetsluis,Voter Turnout,21627
794,Helmond,Voter Turnout,43246
531,Hendrik-Ido-Ambacht,Voter Turnout,16659
164,Hengelo,Voter Turnout,46670
63,Het Bildt,Voter Turnout,5939
252,Heumen,Voter Turnout,10296
797,Heusden,Voter Turnout,24681
534,Hillegom,Voter Turnout,12279
798,Hilvarenbeek,Voter Turnout,9215
402,Hilversum,Voter Turnout,48625
1735,Hof van Twente,Voter Turnout,21997
1911,Hollands Kroon,Voter Turnout,27295
118,Hoogeveen,Voter Turnout,31428
18,Hoogezand-Sappemeer,Voter Turnout,18943
405,Hoorn,Voter Turnout,39246
1507,Horst aan de Maas,Voter Turnout,23876
321,Houten,Voter Turnout,28884
406,Huizen,Voter Turnout,24902
677,Hulst,Voter Turnout,14384
353,IJsselstein,Voter Turnout,19359
1884,Kaag en Braassem,Voter Turnout,16051
166,Kampen,Voter Turnout,29959
678,Kapelle,Voter Turnout,7639
537,Katwijk,Voter Turnout,34924
928,Kerkrade,Voter Turnout,23159
1598,Koggenland,Voter Turnout,13323
79,Kollumerland en Nieuwkruisland,Voter Turnout,7256
588,Korendijk,Voter Turnout,6772
542,Krimpen aan den IJssel,Voter Turnout,17338
1659,Laarbeek,Voter Turnout,12478
1685,Landerd,Voter Turnout,9165
882,Landgraaf,Voter Turnout,21012
415,Landsmeer,Voter Turnout,6490
416,Langedijk,Voter Turnout,16158
1621,Lansingerland,Voter Turnout,32349
417,Laren,Voter Turnout,7074
22,Leek,Voter Turnout,11527
545,Leerdam,Voter Turnout,11344
80,Leeuwarden,Voter Turnout,54636
81,Leeuwarderadeel,Voter Turnout,6425
546,Leiden,Voter Turnout,69401
547,Leiderdorp,Voter Turnout,16330
1916,Leidschendam-Voorburg,Voter Turnout,42984
995,Lelystad,Voter Turnout,38302
82,Lemsterland,Voter Turnout,7908
1640,Leudal,Voter Turnout,20706
327,Leusden,Voter Turnout,18489
694,Liesveld,Voter Turnout,5968
733,Lingewaal,Voter Turnout,6714
1705,Lingewaard,Voter Turnout,26914
553,Lisse,Voter Turnout,13699
140,Littenseradiel,Voter Turnout,6714
262,Lochem,Voter Turnout,21529
809,Loon op Zand,Voter Turnout,13187
331,Lopik,Voter Turnout,8215
24,Loppersum,Voter Turnout,6303
168,Losser,Voter Turnout,12767
1671,Maasdonk,Voter Turnout,6334
263,Maasdriel,Voter Turnout,14099
1641,Maasgouw,Voter Turnout,13734
556,Maassluis,Voter Turnout,18142
935,Maastricht,Voter Turnout,62255
25,Marum,Voter Turnout,5978
420,Medemblik,Voter Turnout,25050
938,Meerssen,Voter Turnout,11571
1908,Menameradiel,Voter Turnout,8324
1987,Menterwolde,Voter Turnout,7261
119,Meppel,Voter Turnout,19632
687,Middelburg,Voter Turnout,28017
559,Middelharnis,Voter Turnout,10836
1842,Midden-Delfland,Voter Turnout,11496
1731,Midden-Drenthe,Voter Turnout,21015
815,Mill en Sint Hubert,Voter Turnout,6696
265,Millingen aan de Rijn,Voter Turnout,3372
1709,Moerdijk,Voter Turnout,20458
1955,Montferland,Voter Turnout,20391
335,Montfoort,Voter Turnout,8292
944,Mook en Middelaar,Voter Turnout,4980
424,Muiden,Voter Turnout,4030
425,Naarden,Voter Turnout,10536
1740,Neder-Betuwe,Voter Turnout,13132
643,Nederlek,Voter Turnout,8925
946,Nederweert,Voter Turnout,9666
304,Neerijnen,Voter Turnout,7193
356,Nieuwegein,Voter Turnout,34578
569,Nieuwkoop,Voter Turnout,16104
571,Nieuw-Lekkerland,Voter Turnout,5531
267,Nijkerk,Voter Turnout,23927
268,Nijmegen,Voter Turnout,96953
1695,Noord-Beveland,Voter Turnout,4676
1699,Noordenveld,Voter Turnout,19504
171,Noordoostpolder,Voter Turnout,26141
575,Noordwijk,Voter Turnout,15423
576,Noordwijkerhout,Voter Turnout,9424
820,Nuenen Gerwen en Nederwetten,Voter Turnout,14231
302,Nunspeet,Voter Turnout,16625
951,Nuth,Voter Turnout,9517
579,Oegstgeest,Voter Turnout,14151
823,Oirschot,Voter Turnout,10614
824,Oisterwijk,Voter Turnout,15259
1895,Oldambt,Voter Turnout,22718
269,Oldebroek,Voter Turnout,13286
173,Oldenzaal,Voter Turnout,18984
1773,Olst-Wijhe,Voter Turnout,10546
175,Ommen,Voter Turnout,11070
881,Onderbanken,Voter Turnout,4755
1586,Oost Gelre,Voter Turnout,17446
826,Oosterhout,Voter Turnout,29923
580,Oostflakkee,Voter Turnout,6139
85,Ooststellingwerf,Voter Turnout,15527
431,Oostzaan,Voter Turnout,5517
432,Opmeer,Voter Turnout,6600
86,Opsterland,Voter Turnout,17878
828,Oss,Voter Turnout,47125
584,Oud-Beijerland,Voter Turnout,14111
1509,Oude IJsselstreek,Voter Turnout,23175
437,Ouder-Amstel,Voter Turnout,8154
644,Ouderkerk,Voter Turnout,5076
589,Oudewater,Voter Turnout,6054
1734,Overbetuwe,Voter Turnout,26722
590,Papendrecht,Voter Turnout,18696
1894,Peel en Maas,Voter Turnout,24675
765,Pekela,Voter Turnout,6966
1926,Pijnacker-Nootdorp,Voter Turnout,28246
439,Purmerend,Voter Turnout,43601
273,Putten,Voter Turnout,14878
177,Raalte,Voter Turnout,22139
703,Reimerswaal,Voter Turnout,12227
274,Renkum,Voter Turnout,19677
339,Renswoude,Voter Turnout,3024
1667,Reusel-De Mierden,Voter Turnout,7133
275,Rheden,Voter Turnout,26463
340,Rhenen,Voter Turnout,11521
597,Ridderkerk,Voter Turnout,26496
196,Rijnwaarden,Voter Turnout,6142
1672,Rijnwoude,Voter Turnout,11422
1742,Rijssen-Holten,Voter Turnout,23172
603,Rijswijk,Voter Turnout,27827
1669,Roerdalen,Voter Turnout,11991
957,Roermond,Voter Turnout,29075
1674,Roosendaal,Voter Turnout,41229
599,Rotterdam,Voter Turnout,277450
277,Rozendaal,Voter Turnout,1070
840,Rucphen,Voter Turnout,11844
9003,Saba,Voter Turnout,228
441,Schagen,Voter Turnout,11281
458,Schermer,Voter Turnout,3381
279,Scherpenzeel,Voter Turnout,5719
606,Schiedam,Voter Turnout,37628
88,Schiermonnikoog,Voter Turnout,1144
844,Schijndel,Voter Turnout,12752
962,Schinnen,Voter Turnout,8040
608,Schoonhoven,Voter Turnout,7055
1676,Schouwen-Duiveland,Voter Turnout,22115
518,'s-Gravenhage,Voter Turnout,272175
796,'s-Hertogenbosch,Voter Turnout,80576
965,Simpelveld,Voter Turnout,6187
1702,Sint Anthonis,Voter Turnout,7417
9002,Sint Eustatius,Voter Turnout,274
845,Sint-Michielsgestel,Voter Turnout,16206
846,Sint-Oedenrode,Voter Turnout,10610
1883,Sittard-Geleen,Voter Turnout,52122
51,Skarsterlân,Voter Turnout,16571
610,Sliedrecht,Voter Turnout,13932
40,Slochteren,Voter Turnout,9251
1714,Sluis,Voter Turnout,13518
90,Smallingerland,Voter Turnout,32944
342,Soest,Voter Turnout,26949
847,Someren,Voter Turnout,10797
848,Son en Breugel,Voter Turnout,9480
612,Spijkenisse,Voter Turnout,38386
37,Stadskanaal,Voter Turnout,18366
180,Staphorst,Voter Turnout,9897
532,Stede Broec,Voter Turnout,12368
851,Steenbergen,Voter Turnout,13011
1708,Steenwijkerland,Voter Turnout,26517
971,Stein,Voter Turnout,14882
1904,Stichtse Vecht,Voter Turnout,38059
617,Strijen,Voter Turnout,5451
1900,Súdwest-Fryslân,Voter Turnout,49340
9,Ten Boer,Voter Turnout,4519
715,Terneuzen,Voter Turnout,28436
93,Terschelling,Voter Turnout,4437
448,Texel,Voter Turnout,10449
1525,Teylingen,Voter Turnout,21489
716,Tholen,Voter Turnout,14665
281,Tiel,Voter Turnout,21536
855,Tilburg,Voter Turnout,105252
183,Tubbergen,Voter Turnout,12720
1700,Twenterand,Voter Turnout,19346
1730,Tynaarlo,Voter Turnout,20479
737,Tytsjerksteradiel,Voter Turnout,19038
282,Ubbergen,Voter Turnout,6018
856,Uden,Voter Turnout,23763
450,Uitgeest,Voter Turnout,7864
451,Uithoorn,Voter Turnout,16470
184,Urk,Voter Turnout,10094
344,Utrecht,Voter Turnout,179403
1581,Utrechtse Heuvelrug,Voter Turnout,30318
981,Vaals,Voter Turnout,4252
994,Valkenburg aan de Geul,Voter Turnout,10406
858,Valkenswaard,Voter Turnout,17943
47,Veendam,Voter Turnout,15846
345,Veenendaal,Voter Turnout,36467
717,Veere,Voter Turnout,15221
860,Veghel,Voter Turnout,21166
861,Veldhoven,Voter Turnout,25414
453,Velsen,Voter Turnout,37968
983,Venlo,Voter Turnout,52374
984,Venray,Voter Turnout,23999
620,Vianen,Voter Turnout,11347
622,Vlaardingen,Voter Turnout,38353
48,Vlagtwedde,Voter Turnout,9275
96,Vlieland,Voter Turnout,1158
718,Vlissingen,Voter Turnout,23465
623,Vlist,Voter Turnout,6223
986,Voerendaal,Voter Turnout,7830
626,Voorschoten,Voter Turnout,14723
285,Voorst,Voter Turnout,14641
865,Vught,Voter Turnout,15010
866,Waalre,Voter Turnout,10002
867,Waalwijk,Voter Turnout,25893
627,Waddinxveen,Voter Turnout,15280
289,Wageningen,Voter Turnout,21257
629,Wassenaar,Voter Turnout,14463
852,Waterland,Voter Turnout,11019
988,Weert,Voter Turnout,27741
457,Weesp,Voter Turnout,10384
870,Werkendam,Voter Turnout,15354
668,West Maas en Waal,Voter Turnout,11278
1701,Westerveld,Voter Turnout,12890
293,Westervoort,Voter Turnout,8896
1783,Westland,Voter Turnout,59708
98,Weststellingwerf,Voter Turnout,15351
614,Westvoorne,Voter Turnout,8629
189,Wierden,Voter Turnout,14768
296,Wijchen,Voter Turnout,24347
1696,Wijdemeren,Voter Turnout,14751
352,Wijk bij Duurstede,Voter Turnout,13994
53,Winsum,Voter Turnout,8735
294,Winterswijk,Voter Turnout,16597
873,Woensdrecht,Voter Turnout,11651
632,Woerden,Voter Turnout,30546
880,Wormerland,Voter Turnout,9535
351,Woudenberg,Voter Turnout,7457
874,Woudrichem,Voter Turnout,8836
479,Zaanstad,Voter Turnout,79905
297,Zaltbommel,Voter Turnout,15514
473,Zandvoort,Voter Turnout,9836
707,Zederik,Voter Turnout,8538
478,Zeevang,Voter Turnout,3875
50,Zeewolde,Voter Turnout,12167
355,Zeist,Voter Turnout,35644
299,Zevenaar,Voter Turnout,19384
476,Zijpe,Voter Turnout,7005
637,Zoetermeer,Voter Turnout,69105
638,Zoeterwoude,Voter Turnout,5043
56,Zuidhorn,Voter Turnout,11486
1892,Zuidplas,Voter Turnout,23843
879,Zundert,Voter Turnout,11330
301,Zutphen,Voter Turnout,27738
1896,Zwartewaterland,Voter Turnout,12876
642,Zwijndrecht,Voter Turnout,25599
193,Zwolle,Voter Turnout,72451
